{"current":{"color_text":"#24ec09","color_body_text":"#f9f6f7","color_sale_text":"#f3f92f","color_button":"#24ec09","color_button_text":"#ffffff","color_small_button_text_border":"#24ec09","color_text_field_text":"#24ec09","color_text_field":"#151f5c","color_image_overlay_text":"#ffffff","color_image_overlay":"#585968","image_overlay_opacity":24,"color_borders":"#24ec09","color_body_bg":"#151f5c","type_header_font":"quantico_n4","type_base_font":"arvo_n4","predictive_search_enabled":true,"social_facebook_link":"https:\/\/www.facebook.com\/gaminboosterz","social_instagram_link":"https:\/\/www.instagram.com\/gaminboosterz\/","favicon":"shopify:\/\/shop_images\/Schermata_2021-01-10_alle_13.11.59.png","checkout_logo_image":"shopify:\/\/shop_images\/logo_2.png","checkout_logo_position":"center","checkout_logo_size":"large","checkout_body_background_color":"#151f5c","checkout_input_background_color_mode":"transparent","checkout_sidebar_background_color":"#f9f6f7","checkout_accent_color":"#24ec09","checkout_button_color":"#24ec09","sections":{"header":{"type":"header","settings":{"align_logo":"left","logo":"shopify:\/\/shop_images\/logo_2.png","logo_max_width":200,"main_linklist":"main-menu","message":true,"home_page_only":true,"message_text":"SPEDIZIONE VELOCE: 2gg-1 SETTIMANA!","color_bg":"#f6f6f6","color_text":"#151f5c"}},"hero-1":{"type":"hero","settings":{"image":"shopify:\/\/shop_images\/vittoria.png","alignment":"center","hero_layout":"full_width","hero_size":"large","text_size":"large","title":"","text":"","button_label":""}},"feature-row":{"type":"feature-row","settings":{"image":"shopify:\/\/shop_images\/WhatsApp_Image_2021-01-09_at_23.37.31.jpg","layout":"left","title":"GM 7 PLUS","text":"<p><strong>E’ arrivata un occasione senza precedenti.<\/strong><\/p><p>Se ti è capitato di doverti impegnare fin troppo per vincere una partita e <strong>non riuscire a farcela<\/strong> nonostante tutto.<\/p><p>Se ti è capitato di dover <strong>affidare la vittoria<\/strong> ai tuoi compagni di squadra.<\/p><p>Se ti è capitato di sentirti frustato, debole o <strong>noob<\/strong>, forse è giusto che tu sappia che <strong>non è colpa tua.<\/strong><\/p><p><strong>L’equipaggiamento<\/strong> è una delle componenti essenziali per poter <strong>vincere una guerra<\/strong>.<\/p><p>L’esercito con l’equipaggiamento peggiore perde,<strong> la storia lo racconta.<\/strong><\/p><p><strong>Ora è il tuo momento<\/strong> di entrare nella storia, prendi le armi e sfrutta l’occasione di prendere una buona pistola ad un prezzo vantaggioso.<\/p><p><strong>Silenzioso<\/strong> come un soldato infiltrato, <strong>esplosivo<\/strong> come il magma incandescente, <strong>colorato<\/strong> come una mimetica iridescente, il <strong>GM<\/strong> <strong>7 plus<\/strong>, racconta le storie che conoscerai<strong> solamente provandolo.<\/strong><\/p><p><strong>Acquistalo adesso e sorprendi i tuoi nemici!<\/strong><\/p>","button_label":"ACQUISTA ORA","button_link":"shopify:\/\/products\/ergonomic-wired-gaming-mouse-7-button-led-5500-dpi-usb-computer-mouse-gamer-mice-x7-silent-mause-with-backlight-for-pc-laptop"}},"feature-columns":{"type":"feature-columns","blocks":{"feature-columns-0":{"type":"text_block","settings":{"enable_image":true,"title":"Aggiungi un titolo o una tagline","text":"<p>Condividi articoli del blog, prodotti o promozioni con i tuoi clienti. Utilizza questo spazio per descrivere i prodotti, condividendo dettagli sulla loro disponibilità e sul loro stile, oppure per mostrare recensioni recenti o domande frequenti.<\/p>","button_label":""}},"feature-columns-1":{"type":"text_block","settings":{"enable_image":true,"title":"Aggiungi un titolo o una tagline","text":"<p>Condividi articoli del blog, prodotti o promozioni con i tuoi clienti. Utilizza questo spazio per descrivere i prodotti, condividendo dettagli sulla loro disponibilità e sul loro stile, oppure per mostrare recensioni recenti o domande frequenti.<\/p>","button_label":""}},"feature-columns-2":{"type":"text_block","settings":{"enable_image":true,"title":"Aggiungi un titolo o una tagline","text":"<p>Condividi articoli del blog, prodotti o promozioni con i tuoi clienti. Utilizza questo spazio per descrivere i prodotti, condividendo dettagli sulla loro disponibilità e sul loro stile, oppure per mostrare recensioni recenti o domande frequenti.<\/p>","button_label":""}}},"block_order":["feature-columns-0","feature-columns-1","feature-columns-2"],"settings":{"title":"","align_text":"left"}},"collection":{"type":"collection","settings":{"title":"Collezione in evidenza","collection":"","grid":4,"rows":2,"show_vendor":false,"show_view_all":false}},"hero-2":{"type":"hero","settings":{"image":"shopify:\/\/shop_images\/Progetto_senza_titolo_13.png","alignment":"center","hero_layout":"full_width","hero_size":"medium","text_size":"large","title":"","text":"","button_label":""}},"quotes":{"type":"quotes","blocks":{"quotes-0":{"type":"quote","settings":{"quote":"<p>Mouse di grande qualità, soddisfa i requisiti. Arrivato molto velocemente, consiglio il venditore.<\/p>","author":"Francesco, 37 anni, Frosinone. (30 Dicembre 2020)"}},"quotes-1":{"type":"quote","settings":{"quote":"<p>Grazie, FUNZIONA BENE, sono molto soddisfatto, consegna veloce, il prezzo è molto buono, consigliato!!!!<\/p>","author":"Giorgio, 24 anni, Lodi. (6 Gennaio 2021)"}},"quotes-2":{"type":"quote","settings":{"quote":"<p>Perfetto, è arrivato in scatola senza alcun danno e velocemente. Di ottima qualità è una bellissima scelta. Fin troppo serio per me che sono alle prime armi, nemmeno so a cosa servono i 7 tasti.<\/p>","author":"Marta, 19 anni, Afragola. (9 Gennaio 2021)"}}},"block_order":["quotes-0","quotes-1","quotes-2"],"settings":{"title":"le recensioni che ci hanno colpito di piu'"}},"image-bar":{"type":"image-bar","blocks":{"image-bar-0":{"type":"image","settings":{"image":"shopify:\/\/shop_images\/WhatsApp_Image_2021-01-10_at_01.44.33.jpg","alignment":"center","link":"shopify:\/\/products\/ergonomic-wired-gaming-mouse-7-button-led-5500-dpi-usb-computer-mouse-gamer-mice-x7-silent-mause-with-backlight-for-pc-laptop","cta_label":""}},"image-bar-1":{"type":"image","settings":{"image":"shopify:\/\/shop_images\/WhatsApp_Image_2021-01-10_at_02.06.48.jpg","alignment":"center","link":"shopify:\/\/products\/ergonomic-wired-gaming-mouse-7-button-led-5500-dpi-usb-computer-mouse-gamer-mice-x7-silent-mause-with-backlight-for-pc-laptop","cta_label":""}},"image-bar-2":{"type":"image","settings":{"image":"shopify:\/\/shop_images\/WhatsApp_Image_2021-01-10_at_01.42.08.jpg","alignment":"center","link":"shopify:\/\/products\/ergonomic-wired-gaming-mouse-7-button-led-5500-dpi-usb-computer-mouse-gamer-mice-x7-silent-mause-with-backlight-for-pc-laptop","cta_label":""}}},"block_order":["image-bar-0","image-bar-1","image-bar-2"],"settings":{"section_height":"medium"}},"footer":{"type":"footer","blocks":{"footer-0":{"type":"link_list","settings":{"title":"CONOSCI I TUOI ALLEATI!","menu":"informazioni-sullesercito"}},"footer-1":{"type":"newsletter","settings":{"title":"Lascia la tua mail per rimanere aggiornato sulle novità di Gamin' Boosterz"}}},"block_order":["footer-0","footer-1"],"settings":{"show_payment_icons":true,"color_footer_bg":"#151f5c","color_footer_text":"#24ec09","show_locale_selector":true,"show_currency_selector":true}},"collection-template":{"type":"collection-template","settings":{"layout":"grid","grid":4,"rows":2,"show_collection_image":true,"show_vendor":false,"sort_enable":false,"tags_enable":true}},"product-template":{"type":"product-template","settings":{"show_quantity_selector":true,"show_vendor":false,"enable_payment_button":true,"show_share_buttons":true,"media_size":"medium","enable_image_zoom":false,"enable_video_looping":false}},"product-recommendations":{"type":"product-recommendations","settings":{"show_product_recommendations":true,"heading":"Potrebbero interessarti anche","show_vendor":false}},"161024492092992571":{"type":"rich-text","settings":{"full_width":true,"section_title":"Gamin'BoosterZ Philosophy","text":"<p>Noi Gamin&#x27;BoosterZ abbiamo deciso di offrirvi <strong>i prodotti più appetibili<\/strong> sul mercato, a<strong> prezzi vantaggiosi<\/strong>. Le offerte sono a <strong>numero limitato<\/strong>, e vengono caricate sul sito non appena disponibili sul mercato, quindi chi primo arriva, meglio alloggia.<\/p><p>Sappiate però questo, noi da adesso in poi<strong>, ci saremo<\/strong>, quando vorrete fare un UPGRADE, e stracciare ogni avversario, vi basterà controllare cosa vendono di nuovo i Gamin&#x27;BoosterZ.<\/p><p>Ah e iscrivetevi alla Newsletter per non perdervi tutte le novità.<\/p><p>Noi Gamin&#x27;BoosterZ vi auguriamo buone partite.<\/p>","text_size":"large"}},"blog-template":{"type":"blog-template","settings":{"layout":"list","blog_show_author":false,"blog_show_date":false}},"article-template":{"type":"article-template","settings":{"blog_show_author":true,"blog_show_date":true,"show_share_buttons":true}},"list-collections-template":{"type":"list-collections-template","settings":{"display_type":"all","sort":"alphabetical","grid":3}}},"content_for_index":["hero-1","feature-row","hero-2","quotes","image-bar","161024492092992571"]},"presets":{"Default":{"sections":{"header":{"type":"header","settings":{}},"hero-1":{"type":"hero","settings":{"hero_size":"large","text_size":"large"}},"feature-row":{"type":"feature-row","settings":{}},"feature-columns":{"type":"feature-columns","blocks":{"feature-columns-0":{"type":"text_block","settings":{}},"feature-columns-1":{"type":"text_block","settings":{}},"feature-columns-2":{"type":"text_block","settings":{}}},"block_order":["feature-columns-0","feature-columns-1","feature-columns-2"],"settings":{"title":""}},"collection":{"type":"collection","settings":{"grid":4}},"hero-2":{"type":"hero","settings":{"text_size":"large"}},"quotes":{"type":"quotes","blocks":{"quotes-0":{"type":"quote","settings":{}},"quotes-1":{"type":"quote","settings":{}},"quotes-2":{"type":"quote","settings":{}}},"block_order":["quotes-0","quotes-1","quotes-2"],"settings":{"title":""}},"image-bar":{"type":"image-bar","blocks":{"image-bar-0":{"type":"image","settings":{}},"image-bar-1":{"type":"image","settings":{}},"image-bar-2":{"type":"image","settings":{}}},"block_order":["image-bar-0","image-bar-1","image-bar-2"],"settings":{}},"footer":{"type":"footer","blocks":{"footer-0":{"type":"link_list","settings":{}},"footer-1":{"type":"newsletter","settings":{}}},"block_order":["footer-0","footer-1"],"settings":{"show_payment_icons":true}}},"content_for_index":["hero-1","feature-row","feature-columns","collection","hero-2","quotes","image-bar"]},"Light":{"color_text":"#162950","color_body_text":"#6d6d6d","color_sale_text":"#DA2F0C","color_borders":"#e4e4e4","color_button":"#DA2F0C","color_button_text":"#ffffff","color_small_button_text_border":"#162950","color_text_field":"#ffffff","color_text_field_text":"#162950","color_text_field_border":"#909090","color_image_overlay_text":"#ffffff","color_image_overlay":"#3d3d3d","image_overlay_opacity":40,"color_body_bg":"#f8f8f8","type_header_font":"muli_n6","type_header_base_size":26,"type_base_font":"muli_n4","type_base_size":18,"share_facebook":true,"share_twitter":true,"share_pinterest":true,"social_twitter_link":"","social_facebook_link":"","social_pinterest_link":"","social_instagram_link":"","social_tumblr_link":"","social_snapchat_link":"","social_youtube_link":"","social_vimeo_link":"","favicon":"","checkout_header_image":"","checkout_logo_image":"","checkout_logo_position":"left","checkout_logo_size":"small","checkout_body_background_image":"","checkout_body_background_color":"#ffffff","checkout_input_background_color_mode":"white","checkout_sidebar_background_image":"","checkout_sidebar_background_color":"#e8f3f6","checkout_heading_font":"Roboto","checkout_body_font":"Source Sans Pro","checkout_accent_color":"#1990c6","checkout_button_color":"#23314e","checkout_error_color":"#ff6d6d","sections":{"header":{"type":"header","settings":{"align_logo":"left","logo":"","logo_max_width":135,"main_linklist":"main-menu","message":true,"color_bg":"#162950","color_text":"#ffffff"}},"hero":{"type":"hero","settings":{"alignment":"center","hero_size":"x-large","text_size":"large"}},"slideshow":{"type":"slideshow","blocks":{"slideshow-0":{"type":"image","settings":{"image":"","alignment":"center center"}},"1492095993817":{"type":"image","settings":{"image":"","alignment":"center"}}},"block_order":["slideshow-0","1492095993817"],"settings":{"slideshow_height":"medium","text_size":"medium","autorotate":false,"autorotate_speed":5}},"featured-collections":{"type":"collection","settings":{"grid":3,"rows":1,"show_vendor":true,"show_view_all":true}},"product-template":{"type":"product-template","settings":{"show_quantity_selector":false,"show_vendor":false,"show_share_buttons":true,"media_size":"medium","enable_image_zoom":true,"enable_video_looping":false}},"collection-template":{"type":"collection-template","settings":{"layout":"grid","grid":2,"rows":2,"show_collection_image":true,"show_vendor":false,"sort_enable":true,"tags_enable":true}},"1492033809691":{"type":"map","settings":{}},"1492033877875":{"type":"quotes","blocks":{"1492033877875-0":{"type":"quote","settings":{}}},"block_order":["1492033877875-0"],"settings":{}},"1492033924902":{"type":"custom-content","blocks":{"1492033924902-0":{"type":"text","settings":{"width":"100%","alignment":"center","align_text":"center"}}},"block_order":["1492033924902-0"],"settings":{"title":""}},"1492096252560":{"type":"collection-list","blocks":{"1492096252560-0":{"type":"featured_collection","settings":{}},"1492096252560-1":{"type":"featured_collection","settings":{}},"1492096252560-2":{"type":"featured_collection","settings":{}}},"block_order":["1492096252560-0","1492096252560-1","1492096252560-2"],"settings":{"grid":3}},"blog-template":{"type":"blog-template","settings":{"layout":"grid","blog_show_author":true,"blog_show_date":false}},"article-template":{"type":"article-template","settings":{"blog_show_author":true,"blog_show_date":true,"show_share_buttons":true}},"cart-template":{"type":"cart-template","settings":{"cart_notes_enable":false}},"footer":{"type":"footer","blocks":{"link_list":{"type":"link_list","settings":{}},"text":{"type":"text","settings":{}},"newsletter":{"type":"newsletter","settings":{}}},"block_order":["link_list","text","newsletter"],"settings":{"color_footer_bg":"#f8f8f8","color_footer_text":"#6d6d6d"}}},"content_for_index":["hero","featured-collections","slideshow","1492033924902","1492096252560","1492033877875","1492033809691"]}}}